Feature,Importance
Prob_1_norm,0.13734673772000486
Prob_2_norm,0.13382077562384145
Pts_1,0.11686065055170175
Pts_2,0.11048762072028359
Rank_1,0.10669981994527482
Player1_WR,0.10311719101096069
Player2_WR,0.10287145697239783
Rank_2,0.10022249939165337
Round_encoded,0.03578589062324031
Series_encoded,0.026362967412922614
Surface_encoded,0.017096988705829336
Best of,0.009327401321889356
