Feature,Importance
Prob_2_norm,0.14197562959970753
Prob_1_norm,0.1370557054931735
Pts_1,0.11596375727601739
Rank_1,0.1067595449651726
Pts_2,0.10554280993692622
Player2_WR,0.1038202698989816
Rank_2,0.10283082084266665
Player1_WR,0.09881851827906492
Round_encoded,0.03468875842432161
Series_encoded,0.025146155641457044
Surface_encoded,0.01799610508166714
Best of,0.009401924560843933
