Feature,Importance
Prob_1_norm,0.12654242318406206
Prob_2_norm,0.12272327286788948
Delta_Rank,0.10799691960698293
Pts_1,0.10398313651457146
Player2_WR,0.09607342653058017
Pts_2,0.09364675470623564
Rank_1,0.09174538722964014
Player1_WR,0.09100017433917862
Rank_2,0.08752902904196902
Round_encoded,0.030843838757543283
Series_encoded,0.02246361884584922
Surface_encoded,0.01597680158619366
Best of,0.009475216789304412
